{
    "religious": {
        "veterans day": 1.6666666666666667,
        "presidents day": 1.0,
        "mothers day": 1.75,
        "fourth of july": 1.5,
        "flag day": 1.3636363636363635,
        "halloween": 2.2,
        "christopher columbus day": 1.125,
        "passover": 5.0,
        "fathers day": 1.3333333333333333,
        "chinese new year": 1.8571428571428572,
        "st. patricks day": 1.3333333333333333,
        "easter": 5.0,
        "birthdays": 1.2857142857142858,
        "juneteenth": 1.125,
        "martin luther king jr. day": 1.3,
        "hanukkah": 5.0,
        "cinco de mayo": 1.6923076923076923,
        "new years": 1.2222222222222223,
        "earth day": 1.1666666666666667,
        "thanksgiving": 1.8571428571428572,
        "diwali": 3.5714285714285716,
        "labor day": 1.0,
        "christmas": 4.4,
        "winter solstice": 2.75,
        "boxing day": 1.25,
        "valentines day": 1.875,
        "memorial day": 1.5,
        "kwanza": 3.5,
        "ramadan": 5.0
    },
    "political": {
        "veterans day": 3.5555555555555554,
        "presidents day": 3.5714285714285716,
        "mothers day": 1.25,
        "fourth of july": 3.5,
        "flag day": 3.727272727272727,
        "halloween": 1.3,
        "christopher columbus day": 2.75,
        "passover": 1.6363636363636365,
        "fathers day": 1.1111111111111112,
        "chinese new year": 1.5714285714285714,
        "st. patricks day": 1.2222222222222223,
        "easter": 1.125,
        "birthdays": 1.0,
        "juneteenth": 3.625,
        "martin luther king jr. day": 3.6,
        "hanukkah": 1.4444444444444444,
        "cinco de mayo": 2.230769230769231,
        "new years": 1.4444444444444444,
        "earth day": 3.1666666666666665,
        "thanksgiving": 1.2857142857142858,
        "diwali": 1.4285714285714286,
        "labor day": 2.3333333333333335,
        "christmas": 2.2,
        "winter solstice": 1.0,
        "boxing day": 2.375,
        "valentines day": 1.0,
        "memorial day": 2.625,
        "kwanza": 1.0,
        "ramadan": 2.25
    },
    "around": {
        "veterans day": 3.2222222222222223,
        "presidents day": 3.7142857142857144,
        "mothers day": 4.0,
        "fourth of july": 4.25,
        "flag day": 3.090909090909091,
        "halloween": 3.8,
        "christopher columbus day": 3.25,
        "passover": 4.636363636363637,
        "fathers day": 3.6666666666666665,
        "chinese new year": 3.7142857142857144,
        "st. patricks day": 4.444444444444445,
        "easter": 4.75,
        "birthdays": 5.0,
        "juneteenth": 2.375,
        "martin luther king jr. day": 2.6,
        "hanukkah": 5.0,
        "cinco de mayo": 3.6153846153846154,
        "new years": 4.444444444444445,
        "earth day": 2.1666666666666665,
        "thanksgiving": 3.857142857142857,
        "diwali": 3.2857142857142856,
        "labor day": 3.2222222222222223,
        "christmas": 4.8,
        "winter solstice": 4.375,
        "boxing day": 2.75,
        "valentines day": 3.875,
        "memorial day": 4.0,
        "kwanza": 3.25,
        "ramadan": 5.0
    },
    "family oriented": {
        "veterans day": 2.2222222222222223,
        "presidents day": 1.7142857142857142,
        "mothers day": 5.0,
        "fourth of july": 4.375,
        "flag day": 2.090909090909091,
        "halloween": 3.8,
        "christopher columbus day": 1.25,
        "passover": 4.545454545454546,
        "fathers day": 4.777777777777778,
        "chinese new year": 3.142857142857143,
        "st. patricks day": 1.8888888888888888,
        "easter": 4.625,
        "birthdays": 4.428571428571429,
        "juneteenth": 3.375,
        "martin luther king jr. day": 1.7,
        "hanukkah": 4.888888888888889,
        "cinco de mayo": 3.1538461538461537,
        "new years": 2.5555555555555554,
        "earth day": 2.0,
        "thanksgiving": 5.0,
        "diwali": 2.5714285714285716,
        "labor day": 3.3333333333333335,
        "christmas": 4.8,
        "winter solstice": 2.375,
        "boxing day": 2.25,
        "valentines day": 1.375,
        "memorial day": 3.625,
        "kwanza": 4.0,
        "ramadan": 3.5
    },
    "partying": {
        "veterans day": 1.6666666666666667,
        "presidents day": 1.0,
        "mothers day": 2.125,
        "fourth of july": 4.625,
        "flag day": 1.8181818181818181,
        "halloween": 4.0,
        "christopher columbus day": 1.0,
        "passover": 2.272727272727273,
        "fathers day": 2.4444444444444446,
        "chinese new year": 3.857142857142857,
        "st. patricks day": 5.0,
        "easter": 1.875,
        "birthdays": 4.571428571428571,
        "juneteenth": 3.25,
        "martin luther king jr. day": 1.0,
        "hanukkah": 3.111111111111111,
        "cinco de mayo": 4.384615384615385,
        "new years": 4.444444444444445,
        "earth day": 1.1666666666666667,
        "thanksgiving": 3.4285714285714284,
        "diwali": 2.7142857142857144,
        "labor day": 2.888888888888889,
        "christmas": 3.3,
        "winter solstice": 2.5,
        "boxing day": 2.375,
        "valentines day": 2.5,
        "memorial day": 2.75,
        "kwanza": 3.0,
        "ramadan": 2.0
    },
    "time off": {
        "veterans day": 3.0,
        "presidents day": 3.5714285714285716,
        "mothers day": 1.875,
        "fourth of july": 4.75,
        "flag day": 1.6363636363636365,
        "halloween": 1.4,
        "christopher columbus day": 2.125,
        "passover": 3.0,
        "fathers day": 1.5555555555555556,
        "chinese new year": 2.2857142857142856,
        "st. patricks day": 1.4444444444444444,
        "easter": 3.75,
        "birthdays": 2.2857142857142856,
        "juneteenth": 2.75,
        "martin luther king jr. day": 3.2,
        "hanukkah": 3.6666666666666665,
        "cinco de mayo": 1.6923076923076923,
        "new years": 3.7777777777777777,
        "earth day": 1.3333333333333333,
        "thanksgiving": 4.571428571428571,
        "diwali": 2.2857142857142856,
        "labor day": 4.444444444444445,
        "christmas": 4.8,
        "winter solstice": 1.0,
        "boxing day": 2.375,
        "valentines day": 1.0,
        "memorial day": 4.5,
        "kwanza": 2.5,
        "ramadan": 2.0
    },
    "romantic": {
        "veterans day": 1.1111111111111112,
        "presidents day": 1.0,
        "mothers day": 1.625,
        "fourth of july": 1.375,
        "flag day": 1.6363636363636365,
        "halloween": 1.4,
        "christopher columbus day": 1.25,
        "passover": 1.2727272727272727,
        "fathers day": 1.4444444444444444,
        "chinese new year": 1.4285714285714286,
        "st. patricks day": 1.4444444444444444,
        "easter": 1.25,
        "birthdays": 1.8571428571428572,
        "juneteenth": 1.125,
        "martin luther king jr. day": 1.1,
        "hanukkah": 1.6666666666666667,
        "cinco de mayo": 1.3846153846153846,
        "new years": 3.0,
        "earth day": 1.5,
        "thanksgiving": 2.0,
        "diwali": 1.4285714285714286,
        "labor day": 1.1111111111111112,
        "christmas": 2.9,
        "winter solstice": 1.125,
        "boxing day": 1.25,
        "valentines day": 4.75,
        "memorial day": 1.375,
        "kwanza": 1.5,
        "ramadan": 1.0
    },
    "traditions": {
        "veterans day": 2.5555555555555554,
        "presidents day": 1.7142857142857142,
        "mothers day": 3.25,
        "fourth of july": 4.625,
        "flag day": 3.1818181818181817,
        "halloween": 4.7,
        "christopher columbus day": 1.0,
        "passover": 4.7272727272727275,
        "fathers day": 2.888888888888889,
        "chinese new year": 4.571428571428571,
        "st. patricks day": 4.222222222222222,
        "easter": 4.625,
        "birthdays": 4.142857142857143,
        "juneteenth": 2.25,
        "martin luther king jr. day": 1.8,
        "hanukkah": 5.0,
        "cinco de mayo": 3.923076923076923,