{
    "expensive": {
        "refridgerator": 4.125,
        "garlic press": 1.4,
        "deep fryer": 2.5,
        "sink": 3.25,
        "electric mixer": 3.2857142857142856,
        "freezer": 3.6666666666666665,
        "oven": 4.2,
        "kettle": 1.3333333333333333,
        "microwave": 2.857142857142857,
        "coffee maker": 1.8571428571428572,
        "ice maker": 3.0,
        "electric knife": 2.272727272727273,
        "blender": 3.0,
        "wine fridge": 3.5,
        "juicer": 3.1538461538461537,
        "timer": 1.3333333333333333,
        "toaster oven": 2.75,
        "can opener": 1.4166666666666667,
        "rice cooker": 2.0,
        "griddle": 2.5,
        "food processor": 3.0,
        "panini press": 3.0,
        "toaster": 1.2857142857142858,
        "pressure cooker": 3.1,
        "coffee grinder": 1.4,
        "grill": 3.4,
        "waffle iron": 2.2222222222222223,
        "stove": 4.666666666666667,
        "dishwasher": 3.3333333333333335,
        "slow cooker": 2.3333333333333335,
        "air fryer": 3.142857142857143,
        "garbage disposal": 3.4
    },
    "large": {
        "refridgerator": 4.25,
        "garlic press": 1.0,
        "deep fryer": 2.25,
        "sink": 3.875,
        "electric mixer": 3.142857142857143,
        "freezer": 4.111111111111111,
        "oven": 4.6,
        "kettle": 1.3333333333333333,
        "microwave": 3.4285714285714284,
        "coffee maker": 2.4285714285714284,
        "ice maker": 2.3333333333333335,
        "electric knife": 1.0909090909090908,
        "blender": 2.0,
        "wine fridge": 2.5,
        "juicer": 2.4615384615384617,
        "timer": 1.3333333333333333,
        "toaster oven": 2.75,
        "can opener": 1.4166666666666667,
        "rice cooker": 2.5,
        "griddle": 2.3333333333333335,
        "food processor": 2.0,
        "panini press": 2.0,
        "toaster": 1.4285714285714286,
        "pressure cooker": 3.1,
        "coffee grinder": 1.2,
        "grill": 4.0,
        "waffle iron": 1.4444444444444444,
        "stove": 4.666666666666667,
        "dishwasher": 4.833333333333333,
        "slow cooker": 2.7777777777777777,
        "air fryer": 3.2857142857142856,
        "garbage disposal": 2.0
    },
    "requires electricity": {
        "refridgerator": 4.5,
        "garlic press": 1.0,
        "deep fryer": 4.75,
        "sink": 1.625,
        "electric mixer": 4.714285714285714,
        "freezer": 4.555555555555555,
        "oven": 4.0,
        "kettle": 3.8333333333333335,
        "microwave": 5.0,
        "coffee maker": 4.571428571428571,
        "ice maker": 4.5,
        "electric knife": 4.818181818181818,
        "blender": 4.5,
        "wine fridge": 5.0,
        "juicer": 4.461538461538462,
        "timer": 2.8333333333333335,
        "toaster oven": 4.75,
        "can opener": 1.8333333333333333,
        "rice cooker": 4.875,
        "griddle": 4.333333333333333,
        "food processor": 5.0,
        "panini press": 5.0,
        "toaster": 4.571428571428571,
        "pressure cooker": 4.2,
        "coffee grinder": 4.6,
        "grill": 3.0,
        "waffle iron": 5.0,
        "stove": 4.833333333333333,
        "dishwasher": 5.0,
        "slow cooker": 4.888888888888889,
        "air fryer": 4.142857142857143,
        "garbage disposal": 4.6
    },
    "gets hot": {
        "refridgerator": 1.875,
        "garlic press": 1.1,
        "deep fryer": 4.875,
        "sink": 1.5,
        "electric mixer": 2.5714285714285716,
        "freezer": 1.1111111111111112,
        "oven": 5.0,
        "kettle": 4.666666666666667,
        "microwave": 4.0,
        "coffee maker": 4.0,
        "ice maker": 2.5,
        "electric knife": 1.8181818181818181,
        "blender": 1.5,
        "wine fridge": 1.125,
        "juicer": 2.230769230769231,
        "timer": 1.1666666666666667,
        "toaster oven": 4.5,
        "can opener": 1.3333333333333333,
        "rice cooker": 4.75,
        "griddle": 4.833333333333333,
        "food processor": 2.2857142857142856,
        "panini press": 4.5,
        "toaster": 4.857142857142857,
        "pressure cooker": 4.2,
        "coffee grinder": 2.2,
        "grill": 5.0,
        "waffle iron": 4.777777777777778,
        "stove": 4.666666666666667,
        "dishwasher": 3.3333333333333335,
        "slow cooker": 4.777777777777778,
        "air fryer": 4.857142857142857,
        "garbage disposal": 1.6
    },
    "specialized": {
        "refridgerator": 3.75,
        "garlic press": 4.7,
        "deep fryer": 4.125,
        "sink": 2.5,
        "electric mixer": 3.4285714285714284,
        "freezer": 3.3333333333333335,
        "oven": 3.2,
        "kettle": 3.0,
        "microwave": 3.0,
        "coffee maker": 3.2857142857142856,
        "ice maker": 4.333333333333333,
        "electric knife": 3.5454545454545454,
        "blender": 3.0,
        "wine fridge": 4.625,
        "juicer": 4.461538461538462,
        "timer": 4.0,
        "toaster oven": 3.0,
        "can opener": 4.166666666666667,
        "rice cooker": 4.0,
        "griddle": 3.0,
        "food processor": 3.2857142857142856,
        "panini press": 4.166666666666667,
        "toaster": 4.142857142857143,
        "pressure cooker": 3.8,
        "coffee grinder": 3.0,
        "grill": 4.0,
        "waffle iron": 4.222222222222222,
        "stove": 4.166666666666667,
        "dishwasher": 3.1666666666666665,
        "slow cooker": 3.2222222222222223,
        "air fryer": 4.0,
        "garbage disposal": 3.8
    },
    "common": {
        "refridgerator": 4.5,
        "garlic press": 2.4,
        "deep fryer": 1.625,
        "sink": 4.875,
        "electric mixer": 3.5714285714285716,
        "freezer": 4.666666666666667,
        "oven": 4.7,
        "kettle": 3.5,
        "microwave": 5.0,
        "coffee maker": 4.857142857142857,
        "ice maker": 3.5,
        "electric knife": 2.909090909090909,
        "blender": 3.5,
        "wine fridge": 2.125,
        "juicer": 2.5384615384615383,
        "timer": 3.6666666666666665,
        "toaster oven": 4.0,
        "can opener": 4.916666666666667,
        "rice cooker": 2.375,
        "griddle": 3.3333333333333335,
        "food processor": 3.5714285714285716,
        "panini press": 1.6666666666666667,
        "toaster": 5.0,
        "pressure cooker": 2.8,
        "coffee grinder": 3.0,
        "grill": 3.8,
        "waffle iron": 2.7777777777777777,
        "stove": 4.5,
        "dishwasher": 4.333333333333333,
        "slow cooker": 4.0,
        "air fryer": 2.857142857142857,
        "garbage disposal": 4.6
    },
    "dangerous": {
        "refridgerator": 1.5,
        "garlic press": 1.0,
        "deep fryer": 4.0,
        "sink": 1.0,
        "electric mixer": 2.2857142857142856,
        "freezer": 1.5555555555555556,
        "oven": 3.3,
        "kettle": 2.3333333333333335,
        "microwave": 2.142857142857143,
        "coffee maker": 2.0,
        "ice maker": 1.3333333333333333,
        "electric knife": 3.909090909090909,
        "blender": 3.0,
        "wine fridge": 1.25,
        "juicer": 2.3846153846153846,
        "timer": 1.6666666666666667,
        "toaster oven": 2.5,
        "can opener": 1.9166666666666667,
        "rice cooker": 2.375,
        "griddle": 3.1666666666666665,
        "food processor": 3.7142857142857144,
        "panini press": 2.8333333333333335,
        "toaster": 2.7142857142857144,
        "pressure cooker": 3.5,
        "coffee grinder": 3.0,
        "grill": 3.6,
        "waffle iron": 2.111111111111111,
        "stove": 4.166666666666667,
        "dishwasher": 1.6666666666666667,
        "slow cooker": 2.0,
        "air fryer": 3.2857142857142856,
        "garbage disposal": 4.6
    },
    "essential": {
        "refridgerator": 4.125,
        "garlic press": 1.6,
        "deep fryer": 1.25,
        "sink": 4.875,
        "electric mixer": 2.4285714285714284,
        "freezer": 4.444444444444445,
        "oven": 4.4,