{"think": {"popeyes": 2.0, "little ceasars": 1.5, "panera": 1.8888888888888888, "chick fil a": 3.7142857142857144, "long john silvers": 1.4285714285714286, "sonic": 1.5714285714285714, "olive garden": 2.0, "dunkin donuts": 2.111111111111111, "pizza hut": 2.0, "cheesecake factory": 1.0, "buffalo wild wings": 2.0, "dennys": 1.5714285714285714, "kentucky fried chicken": 1.5, "burger king": 1.8, "applebees": 1.5555555555555556, "chilis": 1.4285714285714286, "taco bell": 2.5, "hooters": 1.4444444444444444, "cracker barrel": 2.125, "outback steakhouse": 1.7142857142857142, "jimmy johns": 2.0, "dairy queen": 2.0, "subway": 1.0, "texas roadhouse": 2.0, "chipotle": 2.2, "wendys": 2.0, "pf changs": 2.2, "five guys": 1.4, "red lobster": 1.5, "red robin": 1.6666666666666667, "ihop": 1.5, "hardees": 1.0, "tgi fridays": 2.0, "dominos": 2.75, "ruby tuesdays": 1.6666666666666667, "arbys": 3.0, "papa johns": 1.5, "mcdonalds": 2.0, "maggianos": 1.5, "jack in the box": 2.0, "panda express": 2.0, "starbucks": 2.25}, "likes": {"popeyes": 3.6, "little ceasars": 3.0, "panera": 3.7777777777777777, "chick fil a": 3.857142857142857, "long john silvers": 1.5714285714285714, "sonic": 2.2857142857142856, "olive garden": 3.75, "dunkin donuts": 3.5555555555555554, "pizza hut": 3.0, "cheesecake factory": 2.4285714285714284, "buffalo wild wings": 3.25, "dennys": 2.7142857142857144, "kentucky fried chicken": 2.3333333333333335, "burger king": 2.8, "applebees": 2.888888888888889, "chilis": 3.2857142857142856, "taco bell": 3.75, "hooters": 2.0, "cracker barrel": 3.375, "outback steakhouse": 3.5714285714285716, "jimmy johns": 3.25, "dairy queen": 3.6666666666666665, "subway": 2.25, "texas roadhouse": 3.8, "chipotle": 3.6, "wendys": 3.6, "pf changs": 3.8, "five guys": 2.8, "red lobster": 3.0, "red robin": 3.3333333333333335, "ihop": 2.25, "hardees": 2.2, "tgi fridays": 3.6, "dominos": 3.5, "ruby tuesdays": 3.5, "arbys": 3.5, "papa johns": 1.75, "mcdonalds": 3.0, "maggianos": 2.8333333333333335, "jack in the box": 3.5, "panda express": 3.5, "starbucks": 3.5}, "popular": {"popeyes": 4.3, "little ceasars": 4.0, "panera": 3.7777777777777777, "chick fil a": 4.857142857142857, "long john silvers": 2.142857142857143, "sonic": 4.142857142857143, "olive garden": 4.5, "dunkin donuts": 4.333333333333333, "pizza hut": 4.0, "cheesecake factory": 4.0, "buffalo wild wings": 3.8333333333333335, "dennys": 3.857142857142857, "kentucky fried chicken": 4.166666666666667, "burger king": 4.0, "applebees": 4.0, "chilis": 3.857142857142857, "taco bell": 4.5, "hooters": 3.7777777777777777, "cracker barrel": 4.0, "outback steakhouse": 3.7142857142857144, "jimmy johns": 4.0, "dairy queen": 3.6666666666666665, "subway": 3.5, "texas roadhouse": 4.0, "chipotle": 4.4, "wendys": 4.2, "pf changs": 3.8, "five guys": 3.4, "red lobster": 3.75, "red robin": 3.3333333333333335, "ihop": 3.75, "hardees": 3.4, "tgi fridays": 3.8, "dominos": 4.25, "ruby tuesdays": 3.6666666666666665, "arbys": 4.0, "papa johns": 3.0, "mcdonalds": 5.0, "maggianos": 3.3333333333333335, "jack in the box": 4.0, "panda express": 4.0, "starbucks": 5.0}, "many locations": {"popeyes": 4.6, "little ceasars": 4.25, "panera": 4.222222222222222, "chick fil a": 4.571428571428571, "long john silvers": 3.142857142857143, "sonic": 4.0, "olive garden": 4.75, "dunkin donuts": 4.555555555555555, "pizza hut": 4.6, "cheesecake factory": 3.857142857142857, "buffalo wild wings": 3.5833333333333335, "dennys": 4.285714285714286, "kentucky fried chicken": 4.5, "burger king": 4.4, "applebees": 4.333333333333333, "chilis": 4.142857142857143, "taco bell": 5.0, "hooters": 4.0, "cracker barrel": 3.75, "outback steakhouse": 3.5714285714285716, "jimmy johns": 4.25, "dairy queen": 3.6666666666666665, "subway": 4.5, "texas roadhouse": 3.6, "chipotle": 4.0, "wendys": 4.8, "pf changs": 3.2, "five guys": 3.4, "red lobster": 4.25, "red robin": 3.0, "ihop": 4.25, "hardees": 3.2, "tgi fridays": 3.8, "dominos": 4.75, "ruby tuesdays": 3.5, "arbys": 4.5, "papa johns": 3.75, "mcdonalds": 5.0, "maggianos": 3.1666666666666665, "jack in the box": 3.5, "panda express": 4.5, "starbucks": 4.75}, "is unique": {"popeyes": 2.3, "little ceasars": 1.75, "panera": 3.2222222222222223, "chick fil a": 3.2857142857142856, "long john silvers": 3.142857142857143, "sonic": 3.2857142857142856, "olive garden": 2.75, "dunkin donuts": 2.7777777777777777, "pizza hut": 2.2, "cheesecake factory": 2.857142857142857, "buffalo wild wings": 2.8333333333333335, "dennys": 2.142857142857143, "kentucky fried chicken": 2.0, "burger king": 2.2, "applebees": 2.3333333333333335, "chilis": 2.7142857142857144, "taco bell": 2.5, "hooters": 3.888888888888889, "cracker barrel": 3.125, "outback steakhouse": 2.7142857142857144, "jimmy johns": 2.5, "dairy queen": 2.6666666666666665, "subway": 1.75, "texas roadhouse": 3.2, "chipotle": 3.4, "wendys": 1.8, "pf changs": 3.0, "five guys": 2.8, "red lobster": 3.5, "red robin": 2.3333333333333335, "ihop": 3.0, "hardees": 1.8, "tgi fridays": 2.8, "dominos": 1.75, "ruby tuesdays": 3.3333333333333335, "arbys": 4.0, "papa johns": 1.75, "mcdonalds": 1.6666666666666667, "maggianos": 3.1666666666666665, "jack in the box": 2.5, "panda express": 2.5, "starbucks": 2.5}, "healthy": {"popeyes": 1.4, "little ceasars": 1.625, "panera": 3.888888888888889, "chick fil a": 2.5714285714285716, "long john silvers": 1.5714285714285714, "sonic": 1.5714285714285714, "olive garden": 2.25, "dunkin donuts": 1.6666666666666667, "pizza hut": 1.8, "cheesecake factory": 1.7142857142857142, "buffalo wild wings": 2.0, "dennys": 2.2857142857142856, "kentucky fried chicken": 1.1666666666666667, "burger king": 1.8, "applebees": 2.3333333333333335, "chilis": 2.5714285714285716, "taco bell": 1.5, "hooters": 1.8888888888888888, "cracker barrel": 2.75, "outback steakhouse": 2.5714285714285716, "jimmy johns": 3.25, "dairy queen": 1.0, "subway": 3.0, "texas roadhouse": 2.0, "chipotle": 3.2, "wendys": 2.2, "pf changs": 2.2, "five guys": 1.6, "red lobster": 2.75, "red robin": 2.6666666666666665, "ihop": 1.75, "hardees": 1.8, "tgi fridays": 3.0, "dominos": 1.75, "ruby tuesdays": 2.5, "arbys": 3.0, "papa johns": 1.75, "mcdonalds": 1.6666666666666667, "maggianos": 2.0, "jack in the box": 2.0, "panda express": 3.5, "starbucks": 2.75}, "brightly colored logo": {"popeyes": 3.9, "little ceasars": 3.5, "panera": 2.6666666666666665, "chick fil a": 4.142857142857143, "long john silvers": 3.142857142857143, "sonic": 4.0, "olive garden": 3.5, "dunkin donuts": 4.333333333333333, "pizza hut": 3.2, "cheesecake factory": 2.7142857142857144, "buffalo wild wings": 3.4166666666666665, "dennys": 3.142857142857143, "kentucky fried chicken": 3.8333333333333335, "burger king": 3.6, "applebees": 3.0, "chilis": 3.5714285714285716, "taco bell": 3.75, "hooters": 3.888888888888889, "cracker barrel": 3.25, "outback steakhouse": 3.2857142857142856, "jimmy johns": 3.5, "dairy queen": 3.0, "subway": 3.75, "texas roadhouse": 2.6, "chipotle": 2.2, "wendys": 4.2, "pf changs": 2.6, "five guys": 3.2, "red lobster": 4.25, "red robin": 3.8333333333333335, "ihop": 3.25, "hardees": 3.2, "tgi fridays": 3.8, "dominos": 3.75, "ruby tuesdays": 3.1666666666666665, "arbys": 3.5, "papa johns": 2.75, "mcdonalds": 4.0, "maggianos": 2.1666666666666665, "jack in the box": 4.0, "panda express": 3.5, "starbucks": 2.5}, "lively": {"popeyes": 3.0, "little ceasars": 2.625, "panera": 3.4444444444444446, "chick fil a": 3.857142857142857, "long john silvers": 2.2857142857142856, "sonic": 3.7142857142857144, "olive garden": 3.5, "dunkin donuts": 3.5555555555555554, "pizza hut": 3.2, "cheesecake factory": 3.5714285714285716, "buffalo wild wings": 4.166666666666667, "dennys": 2.857142857142857, "kentucky fried chicken": 2.3333333333333335, "burger king": 3.6, "applebees": 3.2222222222222223, "chilis": 3.5714285714285716, "taco bell": 3.0, "hooters": 4.111111111111111, "cracker barrel": 3.25, "outback steakhouse": 3.142857142857143, "jimmy johns": 3.5, "dairy queen": 3.3333333333333335,