{"interesting side dishes": {"wendys": 1.75, "red robin": 2.727272727272727, "tgi fridays": 3.0, "little ceasars": 1.6666666666666667, "olive garden": 3.5555555555555554, "maggianos": 3.0, "buffalo wild wings": 2.2222222222222223, "ruby tuesdays": 3.8333333333333335, "jimmy johns": 1.5555555555555556, "taco bell": 2.8333333333333335, "applebees": 3.4, "cracker barrel": 3.5, "long john silvers": 1.6666666666666667, "five guys": 2.0, "mcdonalds": 2.0, "pf changs": 3.0, "chick fil a": 1.0, "dairy queen": 2.2857142857142856, "dennys": 2.5, "hooters": 3.2, "red lobster": 3.8333333333333335, "arbys": 2.6, "subway": 1.25, "texas roadhouse": 3.3333333333333335, "ihop": 3.4444444444444446, "chipotle": 1.75, "panera": 3.0, "dominos": 2.0, "sonic": 2.5, "burger king": 2.2857142857142856, "starbucks": 2.3333333333333335, "jack in the box": 2.6666666666666665, "pizza hut": 2.2, "panda express": 3.4285714285714284, "chilis": 2.75, "papa johns": 2.2, "outback steakhouse": 3.857142857142857, "kentucky fried chicken": 2.8, "cheesecake factory": 3.75, "dunkin donuts": 1.25, "hardees": 2.2, "popeyes": 3.0}, "soft food": {"wendys": 2.625, "red robin": 2.090909090909091, "tgi fridays": 2.0, "little ceasars": 2.5555555555555554, "olive garden": 2.4444444444444446, "maggianos": 1.6666666666666667, "buffalo wild wings": 2.0, "ruby tuesdays": 1.8333333333333333, "jimmy johns": 2.888888888888889, "taco bell": 2.6666666666666665, "applebees": 2.4, "cracker barrel": 2.8, "long john silvers": 1.3333333333333333, "five guys": 2.3333333333333335, "mcdonalds": 4.0, "pf changs": 2.5, "chick fil a": 1.5, "dairy queen": 4.0, "dennys": 2.5, "hooters": 2.2, "red lobster": 3.3333333333333335, "arbys": 3.2, "subway": 2.375, "texas roadhouse": 1.8333333333333333, "ihop": 4.0, "chipotle": 3.5, "panera": 3.25, "dominos": 3.0, "sonic": 2.5, "burger king": 2.2857142857142856, "starbucks": 3.0, "jack in the box": 2.6666666666666665, "pizza hut": 3.4, "panda express": 3.142857142857143, "chilis": 2.75, "papa johns": 3.2, "outback steakhouse": 2.0, "kentucky fried chicken": 1.6, "cheesecake factory": 3.625, "dunkin donuts": 4.25, "hardees": 2.8, "popeyes": 3.5}, "cold food": {"wendys": 1.25, "red robin": 1.5454545454545454, "tgi fridays": 1.4, "little ceasars": 1.1111111111111112, "olive garden": 1.1111111111111112, "maggianos": 1.6666666666666667, "buffalo wild wings": 1.2222222222222223, "ruby tuesdays": 1.1666666666666667, "jimmy johns": 3.7777777777777777, "taco bell": 1.1666666666666667, "applebees": 1.8, "cracker barrel": 1.7, "long john silvers": 1.3333333333333333, "five guys": 1.1666666666666667, "mcdonalds": 1.0, "pf changs": 1.0, "chick fil a": 1.0, "dairy queen": 4.428571428571429, "dennys": 1.5, "hooters": 1.2, "red lobster": 1.3333333333333333, "arbys": 1.4, "subway": 3.875, "texas roadhouse": 1.1666666666666667, "ihop": 1.1111111111111112, "chipotle": 1.25, "panera": 2.5, "dominos": 1.0, "sonic": 1.1666666666666667, "burger king": 1.1428571428571428, "starbucks": 3.0, "jack in the box": 1.6666666666666667, "pizza hut": 1.0, "panda express": 1.4285714285714286, "chilis": 1.25, "papa johns": 1.4, "outback steakhouse": 1.1428571428571428, "kentucky fried chicken": 1.2, "cheesecake factory": 3.375, "dunkin donuts": 3.0, "hardees": 1.0, "popeyes": 1.0}, "desserts": {"wendys": 1.5, "red robin": 2.6363636363636362, "tgi fridays": 3.2, "little ceasars": 1.3333333333333333, "olive garden": 3.6666666666666665, "maggianos": 1.3333333333333333, "buffalo wild wings": 1.8888888888888888, "ruby tuesdays": 3.5, "jimmy johns": 1.3333333333333333, "taco bell": 1.8333333333333333, "applebees": 4.2, "cracker barrel": 3.3, "long john silvers": 1.3333333333333333, "five guys": 1.3333333333333333, "mcdonalds": 3.0, "pf changs": 2.75, "chick fil a": 2.0, "dairy queen": 4.857142857142857, "dennys": 3.0, "hooters": 2.8, "red lobster": 3.3333333333333335, "arbys": 1.8, "subway": 1.25, "texas roadhouse": 3.0, "ihop": 3.2222222222222223, "chipotle": 1.25, "panera": 2.75, "dominos": 1.4285714285714286, "sonic": 4.0, "burger king": 2.142857142857143, "starbucks": 3.3333333333333335, "jack in the box": 2.3333333333333335, "pizza hut": 2.0, "panda express": 1.7142857142857142, "chilis": 2.75, "papa johns": 1.6, "outback steakhouse": 3.142857142857143, "kentucky fried chicken": 1.2, "cheesecake factory": 4.875, "dunkin donuts": 3.75, "hardees": 2.0, "popeyes": 2.5}, "think": {"popeyes": 2.0, "little ceasars": 1.5, "panera": 1.8888888888888888, "chick fil a": 3.7142857142857144, "long john silvers": 1.4285714285714286, "sonic": 1.5714285714285714, "olive garden": 2.0, "dunkin donuts": 2.111111111111111, "pizza hut": 2.0, "cheesecake factory": 1.0, "buffalo wild wings": 2.0, "dennys": 1.5714285714285714, "kentucky fried chicken": 1.5, "burger king": 1.8, "applebees": 1.5555555555555556, "chilis": 1.4285714285714286, "taco bell": 2.5, "hooters": 1.4444444444444444, "cracker barrel": 2.125, "outback steakhouse": 1.7142857142857142, "jimmy johns": 2.0, "dairy queen": 2.0, "subway": 1.0, "texas roadhouse": 2.0, "chipotle": 2.2, "wendys": 2.0, "pf changs": 2.2, "five guys": 1.4, "red lobster": 1.5, "red robin": 1.6666666666666667, "ihop": 1.5, "hardees": 1.0, "tgi fridays": 2.0, "dominos": 2.75, "ruby tuesdays": 1.6666666666666667, "arbys": 3.0, "papa johns": 1.5, "mcdonalds": 2.0, "maggianos": 1.5, "jack in the box": 2.0, "panda express": 2.0, "starbucks": 2.25}, "likes": {"popeyes": 3.6, "little ceasars": 3.0, "panera": 3.7777777777777777, "chick fil a": 3.857142857142857, "long john silvers": 1.5714285714285714, "sonic": 2.2857142857142856, "olive garden": 3.75, "dunkin donuts": 3.5555555555555554, "pizza hut": 3.0, "cheesecake factory": 2.4285714285714284, "buffalo wild wings": 3.25, "dennys": 2.7142857142857144, "kentucky fried chicken": 2.3333333333333335, "burger king": 2.8, "applebees": 2.888888888888889, "chilis": 3.2857142857142856, "taco bell": 3.75, "hooters": 2.0, "cracker barrel": 3.375, "outback steakhouse": 3.5714285714285716, "jimmy johns": 3.25, "dairy queen": 3.6666666666666665, "subway": 2.25, "texas roadhouse": 3.8, "chipotle": 3.6, "wendys": 3.6, "pf changs": 3.8, "five guys": 2.8, "red lobster": 3.0, "red robin": 3.3333333333333335, "ihop": 2.25, "hardees": 2.2, "tgi fridays": 3.6, "dominos": 3.5, "ruby tuesdays": 3.5, "arbys": 3.5, "papa johns": 1.75, "mcdonalds": 3.0, "maggianos": 2.8333333333333335, "jack in the box": 3.5, "panda express": 3.5, "starbucks": 3.5}, "popular": {"popeyes": 4.3, "little ceasars": 4.0, "panera": 3.7777777777777777, "chick fil a": 4.857142857142857, "long john silvers": 2.142857142857143, "sonic": 4.142857142857143, "olive garden": 4.5, "dunkin donuts": 4.333333333333333, "pizza hut": 4.0, "cheesecake factory": 4.0, "buffalo wild wings": 3.8333333333333335, "dennys": 3.857142857142857, "kentucky fried chicken": 4.166666666666667, "burger king": 4.0, "applebees": 4.0, "chilis": 3.857142857142857, "taco bell": 4.5, "hooters": 3.7777777777777777, "cracker barrel": 4.0, "outback steakhouse": 3.7142857142857144, "jimmy johns": 4.0, "dairy queen": 3.6666666666666665, "subway": 3.5, "texas roadhouse": 4.0, "chipotle": 4.4, "wendys": 4.2, "pf changs": 3.8, "five guys": 3.4, "red lobster": 3.75, "red robin": 3.3333333333333335, "ihop": 3.75, "hardees": 3.4, "tgi fridays": 3.8, "dominos": 4.25, "ruby tuesdays": 3.6666666666666665, "arbys": 4.0, "papa johns": 3.0, "mcdonalds": 5.0, "maggianos": 3.3333333333333335, "jack in the box": 4.0, "panda express": 4.0, "starbucks": 5.0}, "many locations": {"popeyes": 4.6, "little ceasars": 4.25, "panera": 4.222222222222222, "chick fil a": 4.571428571428571, "long john silvers": 3.142857142857143, "sonic": 4.0, "olive garden": 4.75, "dunkin donuts": 4.555555555555555, "pizza hut": 4.6, "cheesecake factory": 3.857142857142857, "buffalo wild wings": 3.5833333333333335, "dennys": 4.285714285714286, "kentucky fried chicken": 4.5, "burger king": 4.4, "applebees": 4.333333333333333, "chilis": 4.142857142857143, "taco bell": 5.0, "hooters": 4.0,