{"think": {"handball": 1.2857142857142858, "hockey": 1.7777777777777777, "football": 3.0, "dance": 2.2222222222222223, "ping pong": 1.2857142857142858, "water polo": 1.1428571428571428, "polo": 1.0, "biking": 1.4444444444444444, "cricket": 1.2, "diving": 1.3, "cheerleading": 1.5, "gymnastics": 1.8888888888888888, "skiing": 1.125, "fencing": 1.3333333333333333, "curling": 1.25, "bowling": 1.625, "tennis": 1.5, "squash": 1.0, "rugby": 1.125, "horseback riding": 1.0, "running": 1.1111111111111112, "badminton": 1.0, "wrestling": 1.4, "boxing": 1.8571428571428572, "softball": 2.75, "soccer": 2.4285714285714284, "ice skating": 1.3333333333333333, "lacrosse": 1.0, "golf": 1.75, "baseball": 1.6, "racecar driving": 1.0, "volleyball": 1.3333333333333333, "snowboarding": 1.4285714285714286, "field hockey": 1.5, "raquetball": 1.0, "basketball": 1.7142857142857142, "swimming": 1.3333333333333333}, "likes": {"handball": 1.7142857142857142, "hockey": 2.2222222222222223, "football": 3.1666666666666665, "dance": 3.2222222222222223, "ping pong": 2.5714285714285716, "water polo": 1.8571428571428572, "polo": 1.6666666666666667, "biking": 1.8888888888888888, "cricket": 1.2, "diving": 2.8, "cheerleading": 2.5, "gymnastics": 3.0, "skiing": 2.0, "fencing": 2.3333333333333335, "curling": 1.875, "bowling": 3.125, "tennis": 2.25, "squash": 1.5, "rugby": 2.0, "horseback riding": 1.75, "running": 2.2222222222222223, "badminton": 1.8, "wrestling": 1.4, "boxing": 1.8571428571428572, "softball": 4.0, "soccer": 2.5714285714285716, "ice skating": 2.0, "lacrosse": 1.7777777777777777, "golf": 2.25, "baseball": 2.8, "racecar driving": 1.0, "volleyball": 2.6666666666666665, "snowboarding": 2.2857142857142856, "field hockey": 3.0, "raquetball": 2.0, "basketball": 2.5714285714285716, "swimming": 2.6666666666666665}, "popular": {"handball": 2.0, "hockey": 3.6666666666666665, "football": 4.666666666666667, "dance": 4.444444444444445, "ping pong": 2.2857142857142856, "water polo": 1.8571428571428572, "polo": 2.0, "biking": 3.0, "cricket": 2.8, "diving": 3.6, "cheerleading": 3.5, "gymnastics": 4.222222222222222, "skiing": 3.375, "fencing": 3.0, "curling": 2.5, "bowling": 3.625, "tennis": 3.875, "squash": 2.0, "rugby": 3.25, "horseback riding": 2.125, "running": 3.6666666666666665, "badminton": 2.0, "wrestling": 2.2, "boxing": 4.0, "softball": 4.75, "soccer": 4.571428571428571, "ice skating": 2.3333333333333335, "lacrosse": 2.4444444444444446, "golf": 4.25, "baseball": 3.8, "racecar driving": 4.0, "volleyball": 3.6666666666666665, "snowboarding": 3.142857142857143, "field hockey": 3.25, "raquetball": 2.25, "basketball": 5.0, "swimming": 3.6666666666666665}, "high energy": {"handball": 3.4285714285714284, "hockey": 4.777777777777778, "football": 4.333333333333333, "dance": 4.0, "ping pong": 3.142857142857143, "water polo": 3.5714285714285716, "polo": 2.8333333333333335, "biking": 3.888888888888889, "cricket": 2.6, "diving": 3.1, "cheerleading": 4.375, "gymnastics": 4.333333333333333, "skiing": 4.0, "fencing": 4.0, "curling": 3.125, "bowling": 2.125, "tennis": 4.5, "squash": 3.25, "rugby": 4.5, "horseback riding": 2.25, "running": 4.666666666666667, "badminton": 2.6, "wrestling": 4.4, "boxing": 4.857142857142857, "softball": 4.0, "soccer": 4.428571428571429, "ice skating": 3.6666666666666665, "lacrosse": 4.0, "golf": 1.5, "baseball": 2.8, "racecar driving": 3.25, "volleyball": 4.166666666666667, "snowboarding": 4.0, "field hockey": 4.5, "raquetball": 4.5, "basketball": 4.857142857142857, "swimming": 4.666666666666667}, "dangerous": {"handball": 1.5714285714285714, "hockey": 4.333333333333333, "football": 4.833333333333333, "dance": 1.8888888888888888, "ping pong": 1.2857142857142858, "water polo": 1.8571428571428572, "polo": 3.0, "biking": 2.7777777777777777, "cricket": 2.6, "diving": 3.6, "cheerleading": 2.75, "gymnastics": 4.222222222222222, "skiing": 4.0, "fencing": 3.6666666666666665, "curling": 1.875, "bowling": 1.5, "tennis": 1.625, "squash": 1.75, "rugby": 4.5, "horseback riding": 3.375, "running": 2.111111111111111, "badminton": 1.0, "wrestling": 2.8, "boxing": 4.571428571428571, "softball": 3.5, "soccer": 3.0, "ice skating": 3.3333333333333335, "lacrosse": 3.0, "golf": 1.0, "baseball": 2.6, "racecar driving": 4.25, "volleyball": 1.8333333333333333, "snowboarding": 4.0, "field hockey": 3.75, "raquetball": 2.25, "basketball": 2.2857142857142856, "swimming": 2.3333333333333335}, "strenuous": {"handball": 3.142857142857143, "hockey": 4.555555555555555, "football": 4.5, "dance": 3.4444444444444446, "ping pong": 2.142857142857143, "water polo": 4.142857142857143, "polo": 2.8333333333333335, "biking": 3.888888888888889, "cricket": 2.8, "diving": 3.0, "cheerleading": 3.75, "gymnastics": 4.444444444444445, "skiing": 4.0, "fencing": 3.6666666666666665, "curling": 3.125, "bowling": 2.25, "tennis": 4.25, "squash": 2.75, "rugby": 4.75, "horseback riding": 2.875, "running": 4.777777777777778, "badminton": 2.8, "wrestling": 4.6, "boxing": 4.714285714285714, "softball": 4.0, "soccer": 4.428571428571429, "ice skating": 3.6666666666666665, "lacrosse": 4.0, "golf": 1.75, "baseball": 3.2, "racecar driving": 2.25, "volleyball": 4.166666666666667, "snowboarding": 3.857142857142857, "field hockey": 4.5, "raquetball": 3.75, "basketball": 4.285714285714286, "swimming": 4.666666666666667}, "spectators": {"handball": 1.5714285714285714, "hockey": 3.888888888888889, "football": 4.5, "dance": 3.111111111111111, "ping pong": 2.142857142857143, "water polo": 2.0, "polo": 2.8333333333333335, "biking": 3.0, "cricket": 2.8, "diving": 3.2, "cheerleading": 3.625, "gymnastics": 4.666666666666667, "skiing": 3.0, "fencing": 3.0, "curling": 2.5, "bowling": 2.25, "tennis": 4.25, "squash": 1.5, "rugby": 3.625, "horseback riding": 1.75, "running": 2.5555555555555554, "badminton": 1.4, "wrestling": 2.2, "boxing": 4.428571428571429, "softball": 4.0, "soccer": 4.571428571428571, "ice skating": 3.0, "lacrosse": 2.4444444444444446, "golf": 4.5, "baseball": 4.2, "racecar driving": 4.0, "volleyball": 3.0, "snowboarding": 2.7142857142857144, "field hockey": 3.75, "raquetball": 1.5, "basketball": 5.0, "swimming": 4.0}, "competitive": {"handball": 3.4285714285714284, "hockey": 5.0, "football": 4.833333333333333, "dance": 3.6666666666666665, "ping pong": 3.5714285714285716, "water polo": 4.142857142857143, "polo": 3.3333333333333335, "biking": 3.6666666666666665, "cricket": 3.8, "diving": 4.5, "cheerleading": 3.625, "gymnastics": 4.777777777777778, "skiing": 4.0, "fencing": 4.666666666666667, "curling": 4.0, "bowling": 4.25, "tennis": 4.5, "squash": 3.5, "rugby": 4.875, "horseback riding": 2.625, "running": 4.0, "badminton": 2.8, "wrestling": 4.4, "boxing": 4.857142857142857, "softball": 4.75, "soccer": 4.571428571428571, "ice skating": 4.0, "lacrosse": 4.333333333333333, "golf": 4.5, "baseball": 4.2, "racecar driving": 4.75, "volleyball": 4.333333333333333, "snowboarding": 3.857142857142857, "field hockey": 4.75, "raquetball": 4.25, "basketball": 5.0, "swimming": 5.0}, "agility": {"handball": 3.142857142857143, "hockey": 4.111111111111111, "football": 3.6666666666666665, "dance": 4.111111111111111, "ping pong": 2.857142857142857, "water polo": 3.7142857142857144, "polo": 3.3333333333333335, "biking": 3.111111111111111, "cricket": 3.2, "diving": 4.2, "cheerleading": 4.375, "gymnastics": 4.888888888888889, "skiing": 4.25, "fencing": 4.666666666666667, "curling": 3.5, "bowling": 2.375, "tennis": 4.5, "squash": 3.5, "rugby": 4.25, "horseback riding": 2.5, "running": 3.888888888888889, "badminton": 3.4, "wrestling": 4.6, "boxing": 4.571428571428571, "softball": 4.0, "soccer": 4.714285714285714, "ice skating": 4.0, "lacrosse": 4.0, "golf": 1.75, "baseball": 3.8, "racecar driving": 1.5, "volleyball": 4.166666666666667, "snowboarding": 4.428571428571429, "field hockey": 4.25, "raquetball": 3.5, "basketball": 4.571428571428571, "swimming": 4.0}, "expensive": {"handball": 1.4285714285714286, "hockey": 3.7777777777777777,