{"colorful": {"kale": 3.0, "turnips": 2.8333333333333335, "beets": 3.1666666666666665, "broccoli": 3.1666666666666665, "radish": 3.142857142857143, "garlic": 1.8, "onions": 2.4444444444444446, "asparagus": 2.0, "leeks": 2.6666666666666665, "spinach": 2.5454545454545454, "bok choy": 2.375, "carrots": 4.0, "snap peas": 2.6666666666666665, "squash": 4.4, "sweet potatoes": 3.111111111111111, "tomatoes": 3.6666666666666665, "parsnips": 2.6666666666666665, "zucchini": 3.0, "pumpkins": 3.875, "green beans": 2.8, "lettuce": 2.625, "cucumbers": 2.6666666666666665, "cauliflower": 1.4, "sprouts": 2.0, "mushrooms": 1.5, "artichoke": 1.5714285714285714, "corn": 4.111111111111111, "eggplant": 3.8333333333333335, "brussel sprouts": 3.3333333333333335, "avocado": 3.4285714285714284, "cabbage": 2.75, "celery": 2.3333333333333335, "arugula": 3.0, "peas": 2.5, "yams": 3.5, "collard greens": 3.625, "okra": 1.25, "peppers": 4.333333333333333, "lima beans": 2.4, "potatoes": 3.0}, "think": {"kale": 2.3333333333333335, "turnips": 1.1666666666666667, "beets": 1.6666666666666667, "broccoli": 3.0, "radish": 1.5714285714285714, "garlic": 2.0, "onions": 2.4444444444444446, "asparagus": 1.8, "leeks": 1.0, "spinach": 2.090909090909091, "bok choy": 1.0, "carrots": 2.6666666666666665, "snap peas": 2.1666666666666665, "squash": 2.2, "sweet potatoes": 2.3333333333333335, "tomatoes": 2.3333333333333335, "parsnips": 1.6666666666666667, "zucchini": 2.3333333333333335, "pumpkins": 2.375, "green beans": 2.3, "lettuce": 2.5, "cucumbers": 2.2222222222222223, "cauliflower": 1.8, "sprouts": 1.3333333333333333, "mushrooms": 2.0, "artichoke": 1.5714285714285714, "corn": 2.888888888888889, "eggplant": 1.6666666666666667, "brussel sprouts": 1.6666666666666667, "avocado": 3.142857142857143, "cabbage": 1.25, "celery": 2.0, "arugula": 1.25, "peas": 1.0, "yams": 1.5, "collard greens": 1.5, "okra": 1.5, "peppers": 2.3333333333333335, "lima beans": 1.0, "potatoes": 5.0}, "dishes": {"kale": 3.8333333333333335, "turnips": 2.0, "beets": 2.8333333333333335, "broccoli": 4.0, "radish": 2.5714285714285716, "garlic": 3.8, "onions": 4.111111111111111, "asparagus": 3.6, "leeks": 2.6666666666666665, "spinach": 3.4545454545454546, "bok choy": 2.75, "carrots": 3.6666666666666665, "snap peas": 3.0, "squash": 3.8, "sweet potatoes": 3.5555555555555554, "tomatoes": 4.333333333333333, "parsnips": 2.4444444444444446, "zucchini": 3.5, "pumpkins": 2.875, "green beans": 3.6, "lettuce": 3.875, "cucumbers": 3.4444444444444446, "cauliflower": 2.6, "sprouts": 2.1666666666666665, "mushrooms": 4.375, "artichoke": 2.2857142857142856, "corn": 4.555555555555555, "eggplant": 3.0, "brussel sprouts": 2.3333333333333335, "avocado": 3.857142857142857, "cabbage": 3.0, "celery": 4.0, "arugula": 2.0, "peas": 3.5, "yams": 2.8333333333333335, "collard greens": 3.125, "okra": 2.5, "peppers": 5.0, "lima beans": 2.0, "potatoes": 5.0}, "popular": {"kale": 4.0, "turnips": 2.0, "beets": 3.0, "broccoli": 4.0, "radish": 2.4285714285714284, "garlic": 3.4, "onions": 4.0, "asparagus": 3.4, "leeks": 2.0, "spinach": 3.3636363636363638, "bok choy": 2.625, "carrots": 4.0, "snap peas": 3.0, "squash": 3.8, "sweet potatoes": 4.0, "tomatoes": 4.333333333333333, "parsnips": 2.111111111111111, "zucchini": 3.0, "pumpkins": 3.25, "green beans": 3.6, "lettuce": 4.625, "cucumbers": 3.7777777777777777, "cauliflower": 2.2, "sprouts": 2.0, "mushrooms": 3.75, "artichoke": 2.4285714285714284, "corn": 4.666666666666667, "eggplant": 2.5, "brussel sprouts": 2.3333333333333335, "avocado": 4.571428571428571, "cabbage": 2.5, "celery": 3.0, "arugula": 2.5, "peas": 3.0, "yams": 2.8333333333333335, "collard greens": 2.75, "okra": 2.75, "peppers": 4.333333333333333, "lima beans": 1.6, "potatoes": 5.0}, "likes": {"kale": 3.5, "turnips": 2.5, "beets": 3.0, "broccoli": 3.5, "radish": 2.7142857142857144, "garlic": 3.2, "onions": 3.4444444444444446, "asparagus": 2.4, "leeks": 2.6666666666666665, "spinach": 3.3636363636363638, "bok choy": 2.875, "carrots": 3.6666666666666665, "snap peas": 3.3333333333333335, "squash": 4.0, "sweet potatoes": 3.7777777777777777, "tomatoes": 4.0, "parsnips": 2.6666666666666665, "zucchini": 3.0, "pumpkins": 3.75, "green beans": 3.5, "lettuce": 3.625, "cucumbers": 4.0, "cauliflower": 3.8, "sprouts": 3.1666666666666665, "mushrooms": 3.375, "artichoke": 2.4285714285714284, "corn": 4.555555555555555, "eggplant": 3.1666666666666665, "brussel sprouts": 3.0, "avocado": 4.428571428571429, "cabbage": 3.25, "celery": 4.0, "arugula": 1.75, "peas": 2.5, "yams": 3.1666666666666665, "collard greens": 3.0, "okra": 2.5, "peppers": 4.333333333333333, "lima beans": 1.8, "potatoes": 5.0}, "available": {"kale": 3.6666666666666665, "turnips": 2.6666666666666665, "beets": 3.6666666666666665, "broccoli": 4.666666666666667, "radish": 3.4285714285714284, "garlic": 3.8, "onions": 4.333333333333333, "asparagus": 3.4, "leeks": 2.6666666666666665, "spinach": 3.909090909090909, "bok choy": 2.125, "carrots": 4.666666666666667, "snap peas": 3.3333333333333335, "squash": 4.4, "sweet potatoes": 4.222222222222222, "tomatoes": 4.666666666666667, "parsnips": 3.111111111111111, "zucchini": 3.5, "pumpkins": 3.0, "green beans": 3.9, "lettuce": 5.0, "cucumbers": 4.666666666666667, "cauliflower": 4.6, "sprouts": 2.8333333333333335, "mushrooms": 4.125, "artichoke": 3.4285714285714284, "corn": 4.777777777777778, "eggplant": 2.6666666666666665, "brussel sprouts": 3.6666666666666665, "avocado": 3.857142857142857, "cabbage": 4.25, "celery": 5.0, "arugula": 3.75, "peas": 5.0, "yams": 4.0, "collard greens": 3.375, "okra": 2.75, "peppers": 4.666666666666667, "lima beans": 2.4, "potatoes": 5.0}, "healthy": {"kale": 4.333333333333333, "turnips": 3.5, "beets": 4.333333333333333, "broccoli": 4.5, "radish": 3.2857142857142856, "garlic": 3.0, "onions": 3.4444444444444446, "asparagus": 4.2, "leeks": 3.0, "spinach": 4.636363636363637, "bok choy": 3.875, "carrots": 5.0, "snap peas": 4.0, "squash": 4.2, "sweet potatoes": 4.0, "tomatoes": 4.333333333333333, "parsnips": 3.7777777777777777, "zucchini": 4.0, "pumpkins": 3.625, "green beans": 4.2, "lettuce": 3.875, "cucumbers": 4.444444444444445, "cauliflower": 4.2, "sprouts": 4.5, "mushrooms": 4.0, "artichoke": 3.7142857142857144, "corn": 4.222222222222222, "eggplant": 3.1666666666666665, "brussel sprouts": 4.0, "avocado": 4.285714285714286, "cabbage": 4.25, "celery": 3.6666666666666665, "arugula": 3.75, "peas": 4.0, "yams": 3.5, "collard greens": 4.375, "okra": 4.5, "peppers": 5.0, "lima beans": 3.4, "potatoes": 3.0}, "fragrant": {"kale": 1.8333333333333333, "turnips": 2.3333333333333335, "beets": 2.8333333333333335, "broccoli": 3.0, "radish": 2.7142857142857144, "garlic": 3.6, "onions": 4.111111111111111, "asparagus": 2.2, "leeks": 3.6666666666666665, "spinach": 2.090909090909091, "bok choy": 1.25, "carrots": 1.6666666666666667, "snap peas": 1.8333333333333333, "squash": 3.6, "sweet potatoes": 2.5555555555555554, "tomatoes": 2.6666666666666665, "parsnips": 2.5555555555555554, "zucchini": 2.6666666666666665, "pumpkins": 3.0, "green beans": 2.0, "lettuce": 1.25, "cucumbers": 2.0, "cauliflower": 1.4, "sprouts": 2.1666666666666665, "mushrooms": 1.75, "artichoke": 2.142857142857143, "corn": 2.5555555555555554, "eggplant": 2.5, "brussel sprouts": 3.0, "avocado": 1.8571428571428572, "cabbage": 2.25, "celery": 1.6666666666666667, "arugula": 2.75, "peas": 2.0, "yams": 2.6666666666666665, "collard greens": 2.75, "okra": 1.75, "peppers": 3.3333333333333335, "lima beans": 1.8, "potatoes": 1.0}, "warm": {"kale": 2.8333333333333335, "turnips": 2.8333333333333335, "beets": 3.0, "broccoli": 3.1666666666666665, "radish": 3.142857142857143, "garlic": 2.8, "onions": 3.3333333333333335, "asparagus": 3.4, "leeks": 3.0, "spinach": 3.1818181818181817, "bok choy": 3.375, "carrots": 3.3333333333333335, "snap peas": 3.1666666666666665, "squash": 2.6, "sweet potatoes": 3.6666666666666665, "tomatoes": 4.0, "parsnips": 3.2222222222222223, "zucchini": 3.3333333333333335, "pumpkins": 3.25,