{"awake, night": -0.03048292889440044, "awake, day": 0.030482928894400407, "diet, carnivore": 0.1890303478341114, "diet, omnivore": -0.23127976268345687, "diet, herbivore": -0.044923708705108895, "type, mammal": 0.15549552669112876, "type, fish": -0.053244046303591946, "type, reptile": -0.008547966883442422, "type, bird": -0.10010523608563925, "type, amphibean": -0.07036988748551534, "type, invertibrate": -0.12614545394216664, "large": 0.3306496004568212, "cool": 0.30742969481011206, "striking": 0.3832161668667744, "dangerous": 0.2821509839494638, "cute": 0.018177151753989554, "normal": -0.195146546694369, "desert": 0.11983927011263447, "forest": -0.05984449037691453, "tropics": 0.09715741116064985, "water": -0.08272925821428925, "land": 0.11476030593515754, "arctic": -0.07136494934950487, "lifespan": 0.34378931056051143, "think": 0.05038762332583713, "has large feet relative to its body size": 0.06014973019036048, "quiet": -0.1626255219157759, "has good hearing": 0.049873301288760497, "has long hair": 0.0449898150302693, "sleeps very little": 0.0059902108420861145}