{"religious": 0.0680690197701933, "political": -0.013120259400307251, "around": 0.26652471398315525, "family oriented": 0.29112160854110725, "partying": 0.19453824446166557, "time off": 0.7154397197001319, "romantic": 0.4212033668930171, "traditions": 0.26298686161147294, "food": 0.35682449995318094, "likes": 0.6309911557682664, "think": 0.6164869550410367, "widely celebrated": 0.5907203548540034, "reflective": 0.08755687226041138, "joyous": 0.301153140643712, "meaningful": 0.3025646884737808, "early": 0.00874941458605287}