{
    "people oriented": 0.17984580779420856,
    "pays well": 0.04580915805846748,
    "desirable": 0.03078404004841254,
    "common": 0.28314667029421525,
    "think": 0.0453999098020297,
    "likes": 0.07883986410937466,
    "important": 0.1854921519992948,
    "creativity": -0.029430111824182988,
    "skills": 0.10433710272885748,
    "physical": 0.05058750908435763,
    "dangerous": 0.04840269969062528,
    "detail oriented": 0.10492740265865098,
    "been around": 0.29199726692002714,
    "glamorous": -0.06621295738242122,
    "male dominated": 0.05326789339138015,
    "difficult": 0.12417894439633197
}