{
    "expensive": 0.26978683381968643,
    "large": 0.39601781603857106,
    "requires electricity": 0.31788509961698225,
    "gets hot": 0.21726630030483804,
    "specialized": -0.3059593513535926,
    "common": 0.5306854701898057,
    "dangerous": 0.028630335861087056,
    "essential": 0.44050172259459713,
    "loud": -0.02445128547085091,
    "heavy": 0.3838685381021571,
    "plain sight": 0.4819389398833027,
    "often": 0.46673722486310315,
    "easy": 0.17460586200604006,
    "likes": 0.47407216891972104,
    "think": 0.5315878552283234,
    "metallic": 0.08284908055498806
}