{
    "interesting side dishes": -0.061419822707823986,
    "soft food": 0.13393082324477446,
    "cold food": -0.20079368250970756,
    "desserts": 0.024329336091139363,
    "think": 0.16443350315989794,
    "likes": 0.15758336177517182,
    "popular": 0.4402367970569256,
    "many locations": 0.5443944920464914,
    "is unique": -0.2975537757600687,
    "healthy": -0.006812621218712841,
    "brightly colored logo": 0.2926232838314554,
    "lively": 0.13154714177865387,
    "variety": 0.18206426021008387,
    "well decorated": 0.11999569174202446,
    "expensive": -0.2986238562024229,
    "quick": 0.2530304368552449,
    "casual": 0.24352211318249353
}