{"think": 0.16443350315989794, "likes": 0.15758336177517182, "popular": 0.4402367970569256, "many locations": 0.5443944920464914, "is unique": -0.2975537757600687, "healthy": -0.006812621218712841, "brightly colored logo": 0.2926232838314554, "lively": 0.13154714177865387, "variety": 0.18206426021008387, "well decorated": 0.11999569174202446, "expensive": -0.2986238562024229, "quick": 0.2530304368552449, "casual": 0.24352211318249353}