{
    "think": 0.48479725230255866,
    "likes": 0.2540359244763066,
    "popular": 0.5469794752088615,
    "high energy": 0.21312408089057758,
    "dangerous": 0.085848780170854,
    "strenuous": 0.30547348373483263,
    "spectators": 0.5947714672445273,
    "competitive": 0.40649681229940166,
    "agility": 0.19915787123738157,
    "expensive": -0.053640267449194354,
    "space": 0.28505716461372976,
    "been around": 0.2361116351265483,
    "learn": 0.30559157905303497,
    "flexibility": -0.0310409471542272
}