{"colorful": 0.21418580098591752, "think": 0.48618252120989436, "dishes": 0.5796244132006808, "popular": 0.567149095698719, "likes": 0.4674469782394171, "available": 0.7417117478658213, "healthy": 0.3541750450205911, "fragrant": -0.12437085564425245, "warm": 0.02118739828905537, "sweet": 0.14042478495684063, "large": 0.09570525384744336, "crunchy": 0.4284620453943628, "heavy": -0.006842995534707539, "calories": -0.09705198266757205}